,runtime_ms,runtime_ms,runtime_ms,memory_delta_mb,memory_delta_mb,memory_delta_mb,trustworthiness,trustworthiness,trustworthiness,fps_avg,fps_avg,fps_avg,responsiveness_ms,responsiveness_ms,responsiveness_ms
,median,mean,std,median,mean,std,median,mean,std,median,mean,std,median,mean,std
feature_name,,,,,,,,,,,,,,,
All Features,2237.2,2396.718,1176.987,12.668,13.215,12.102,0.967,0.884,0.165,38.262,33.735,17.241,20.933,36.713,35.388
Baseline (JS),3512.85,3552.003,827.634,14.478,13.002,9.452,0.969,0.9,0.139,57.463,55.425,4.96,21.487,34.197,33.61
Distance,3504.15,3610.205,871.606,12.275,11.694,9.505,0.969,0.901,0.139,57.461,55.151,5.428,21.53,35.152,34.678
Matrix,3415.65,3501.413,811.153,10.721,11.783,10.638,0.97,0.9,0.141,57.51,55.552,4.783,19.517,31.793,32.978
NN Descent,3489.85,3603.92,844.058,16.87,17.982,11.25,0.97,0.899,0.142,57.006,55.307,5.058,20.427,34.698,35.178
Optimizer,2357.95,2516.78,1248.133,6.294,8.424,7.699,0.967,0.883,0.167,39.66,34.472,16.727,24.637,42.048,39.075
Tree,3478.6,3496.438,788.287,9.784,14.369,15.581,0.97,0.901,0.139,56.978,55.296,5.141,20.817,32.765,30.853
